,,,roc_auc,roc_auc,roc_auc,roc_auc_3prong,roc_auc_3prong,roc_auc_3prong,rej_10,rej_10,rej_10,rej_10_3prong,rej_10_3prong,rej_10_3prong,mass_sculpting_jsd_at_10pct_bkg,mass_sculpting_jsd_at_10pct_bkg,mass_sculpting_jsd_at_10pct_bkg
,,,mean,std,count,mean,std,count,mean,std,count,mean,std,count,mean,std,count
model,f_train,k_labels,,,,,,,,,,,,,,,
M1_Autoencoder,0.0,0,0.7175271220387369,0.07407385085631989,5,0.5965357381328691,0.10263911829515789,5,22.495974164039595,5.932574460014128,5,8.799667512551988,5.090393549024642,5,0.01684141247367428,0.006997496114893142,5
M1_Autoencoder,0.1,0,0.7034652667692511,,1,0.6699278752752833,,1,23.40910687112256,,1,11.082515932391244,,1,0.0114696107232019,,1
M1_Autoencoder,0.5,0,0.716002623528546,,1,0.5498087033009152,,1,15.531531531531533,,1,6.851817590022955,,1,0.0285821008621064,,1
M1_Autoencoder,1.0,0,0.7239694738691718,,1,0.6439629737520788,,1,13.35720010686615,,1,9.428760018859029,,1,0.0094884256329986,,1
M2_IsolationForest,0.0,0,0.806805068735365,0.007745746465868689,5,0.6831078136963635,0.02058923875386633,5,28.96746204433321,3.044694576981733,5,9.121584935007002,0.5500710088669777,5,0.028722019580788783,0.003316174910075575,5
M2_IsolationForest,0.1,0,0.8171825187803382,,1,0.7160116178386544,,1,26.717969271877084,,1,9.700426852929764,,1,0.0231804334322594,,1
M2_IsolationForest,0.5,0,0.8178727607870561,,1,0.7177434112208347,,1,26.55477360244324,,1,9.708432448177096,,1,0.0229345807681532,,1
M2_IsolationForest,1.0,0,0.813627740749366,,1,0.7156709684811794,,1,24.948103792415168,,1,9.544864452080947,,1,0.0230606335310266,,1
M3_DeepSVDD,0.0,0,0.5002035317856435,0.007211290660733437,5,0.6169693166501082,0.011431544669913423,5,6.514125231456124,0.4436564872155368,5,9.85849568171754,0.48677858894827863,5,0.00115537588539596,7.397196186114545e-05,5
M3_DeepSVDD,0.1,0,0.4865618421558141,,1,0.619797308215765,,1,6.188006683581905,,1,9.813239118700624,,1,0.0008952191590279,,1
M3_DeepSVDD,0.5,0,0.4789684636313213,,1,0.6192663558871156,,1,5.6988487404536645,,1,9.343300317697627,,1,0.0010298738146394,,1
M3_DeepSVDD,1.0,0,0.443927753668183,,1,0.6175187835732034,,1,5.14309227445736,,1,9.949947758594954,,1,0.0011310706173332,,1
M4_DeepSAD,0.0,10,0.7610787266161929,,1,0.5804703296493777,,1,865.7316017316017,,1,11.114544545100872,,1,0.002245038140021,,1
M4_DeepSAD,0.0,100,0.8945595341065974,,1,0.7593133116315722,,1,581.3488372093024,,1,42.896610896610895,,1,0.009883104139101,,1
M4_DeepSAD,0.0,1000,0.9282062785316886,,1,0.7723452878730924,,1,1612.7741935483873,,1,39.26644413901433,,1,0.0134216446028409,,1
M4_DeepSAD,0.5,10,0.8451888513553578,,1,0.6821771260830649,,1,408.9652351738241,,1,33.87262872628726,,1,0.0009185938734301,,1
M4_DeepSAD,0.5,100,0.8880198098884519,0.011388086658030771,5,0.7492152196681862,0.06140307807199805,5,452.74735116648253,225.24917075980434,5,41.37264078064763,11.988432017598505,5,0.00662796423987994,0.0028446056539789665,5
M4_DeepSAD,0.5,1000,0.9316241912425608,,1,0.821868617531413,,1,619.1455108359132,,1,47.843062200956936,,1,0.013417709737879,,1
M4_DeepSAD,1.0,10,0.7695150904130742,,1,0.6152629120307118,,1,79.54813046937153,,1,22.97082471858489,,1,0.001570567962703,,1
M4_DeepSAD,1.0,100,0.889215152390227,,1,0.7060913914623548,,1,315.9304897314376,,1,49.623821339950375,,1,0.0040852962064522,,1
M4_DeepSAD,1.0,1000,0.9258016097629078,,1,0.7537877299001123,,1,1104.8839779005525,,1,46.46468401486989,,1,0.0046035886178525,,1
M5_Supervised,0.0,1000,0.9659386370133454,0.00023213993607317074,5,0.9291589055506536,0.001206458575053305,5,39330.18666666667,6830.7540065988815,5,683.3262008447584,52.78924408994108,5,0.00818562596608544,0.0008316651947845965,5
M6_MassAware,0.0,0,0.5151241513703972,0.010471411187543961,5,0.6669925997530666,0.023307678265014085,5,7.6357349656382265,0.45422740283647556,5,20.51589298402256,1.298268135375794,5,0.02622510451956398,0.0006949088072240708,5
